<keymap version="1" name="GNOME copy" parent="Default for GNOME">
  <action id="ActivateTODOToolWindow">
    <keyboard-shortcut first-keystroke="alt #10000d6" />
  </action>
  <action id="CheckStyleCurrentFileAction">
    <keyboard-shortcut first-keystroke="shift ctrl s" />
  </action>
  <action id="CheckStyleProjectFilesAction">
    <keyboard-shortcut first-keystroke="alt #10000c4" />
  </action>
  <action id="CommentByBlockComment">
    <keyboard-shortcut first-keystroke="shift ctrl slash" />
    <keyboard-shortcut first-keystroke="shift ctrl divide" />
    <keyboard-shortcut first-keystroke="shift ctrl #10000d6" />
  </action>
  <action id="CommentByLineComment">
    <keyboard-shortcut first-keystroke="ctrl slash" />
    <keyboard-shortcut first-keystroke="ctrl divide" />
    <keyboard-shortcut first-keystroke="ctrl #10000d6" />
  </action>
  <action id="Console.TableResult.EditValue">
    <keyboard-shortcut first-keystroke="f2" />
    <keyboard-shortcut first-keystroke="enter" />
  </action>
  <action id="FileChooser.NewFolder">
    <keyboard-shortcut first-keystroke="alt insert" />
  </action>
  <action id="GotoChangedFile" />
  <action id="GotoClass" />
  <action id="GotoNextError">
    <keyboard-shortcut first-keystroke="f2" />
    <keyboard-shortcut first-keystroke="ctrl n" />
  </action>
  <action id="SurroundWith">
    <keyboard-shortcut first-keystroke="ctrl alt t" />
    <keyboard-shortcut first-keystroke="ctrl alt r" />
  </action>
  <action id="Unwrap">
    <keyboard-shortcut first-keystroke="shift ctrl delete" />
    <keyboard-shortcut first-keystroke="shift ctrl dead_cedilla" />
    <keyboard-shortcut first-keystroke="shift ctrl #10000df" />
    <keyboard-shortcut first-keystroke="alt released enter" second-keystroke="shift ctrl dead_cedilla" />
  </action>
</keymap>