<application>
  <component name="LangManager">
    <option name="languageName" value="JAVA" />
    <option name="languageToProjectMap">
      <map>
        <entry key="JAVA" value="$USER_HOME$/IdeaProjects/IdeaLearningProject" />
      </map>
    </option>
  </component>
  <component name="LessonStateBase">
    <option name="map">
      <map>
        <entry key="actions" value="PASSED" />
        <entry key="basic completion" value="PASSED" />
        <entry key="codeassistance.codeformatting" value="PASSED" />
        <entry key="codeassistance.editorcodingassistance" value="PASSED" />
        <entry key="codeassistance.parameterinfo" value="PASSED" />
        <entry key="codeassistance.quickpopups" value="PASSED" />
        <entry key="collapse" value="PASSED" />
        <entry key="comment line" value="PASSED" />
        <entry key="completion with tab" value="PASSED" />
        <entry key="context.actions" value="PASSED" />
        <entry key="declaration and usages" value="PASSED" />
        <entry key="duplicate" value="NOT_PASSED" />
        <entry key="extract variable" value="PASSED" />
        <entry key="file structure" value="PASSED" />
        <entry key="find in files" value="PASSED" />
        <entry key="java.debug.workflow" value="PASSED" />
        <entry key="java.inheritance.hierarchy.lesson" value="PASSED" />
        <entry key="java.occurrences.lesson" value="PASSED" />
        <entry key="java.refactoring.menu" value="NOT_PASSED" />
        <entry key="java.run.configuration" value="PASSED" />
        <entry key="move" value="PASSED" />
        <entry key="multiple selections" value="PASSED" />
        <entry key="postfix completion" value="PASSED" />
        <entry key="recent files and locations" value="NOT_PASSED" />
        <entry key="refactorings.extractmethod" value="PASSED" />
        <entry key="refactorings.rename" value="PASSED" />
        <entry key="search everywhere" value="PASSED" />
        <entry key="select" value="PASSED" />
        <entry key="smart type completion" value="PASSED" />
        <entry key="statement completion" value="PASSED" />
        <entry key="surround and unwrap" value="PASSED" />
      </map>
    </option>
  </component>
</application>