<application>
  <component name="ProjectJdkTable">
    <jdk version="2">
      <name value="corretto-11" />
      <type value="JavaSDK" />
      <version value="Amazon Corretto version 11.0.10" />
      <homePath value="$USER_HOME$/.jdks/corretto-11.0.10" />
      <roots>
        <annotationsPath>
          <root type="composite">
            <root url="jar://$APPLICATION_HOME_DIR$/plugins/java/lib/jdkAnnotations.jar!/" type="simple" />
          </root>
        </annotationsPath>
        <classPath>
          <root type="composite">
            <root url="jrt:///home/tassilo/.jdks/corretto-11.0.10!/java.base" type="simple" />
            <root url="jrt:///home/tassilo/.jdks/corretto-11.0.10!/java.compiler" type="simple" />
            <root url="jrt:///home/tassilo/.jdks/corretto-11.0.10!/java.datatransfer" type="simple" />
            <root url="jrt:///home/tassilo/.jdks/corretto-11.0.10!/java.desktop" type="simple" />
            <root url="jrt:///home/tassilo/.jdks/corretto-11.0.10!/java.instrument" type="simple" />
            <root url="jrt:///home/tassilo/.jdks/corretto-11.0.10!/java.logging" type="simple" />
            <root url="jrt:///home/tassilo/.jdks/corretto-11.0.10!/java.management" type="simple" />
            <root url="jrt:///home/tassilo/.jdks/corretto-11.0.10!/java.management.rmi" type="simple" />
            <root url="jrt:///home/tassilo/.jdks/corretto-11.0.10!/java.naming" type="simple" />
            <root url="jrt:///home/tassilo/.jdks/corretto-11.0.10!/java.net.http" type="simple" />
            <root url="jrt:///home/tassilo/.jdks/corretto-11.0.10!/java.prefs" type="simple" />
            <root url="jrt:///home/tassilo/.jdks/corretto-11.0.10!/java.rmi" type="simple" />
            <root url="jrt:///home/tassilo/.jdks/corretto-11.0.10!/java.scripting" type="simple" />
            <root url="jrt:///home/tassilo/.jdks/corretto-11.0.10!/java.se" type="simple" />
            <root url="jrt:///home/tassilo/.jdks/corretto-11.0.10!/java.security.jgss" type="simple" />
            <root url="jrt:///home/tassilo/.jdks/corretto-11.0.10!/java.security.sasl" type="simple" />
            <root url="jrt:///home/tassilo/.jdks/corretto-11.0.10!/java.smartcardio" type="simple" />
            <root url="jrt:///home/tassilo/.jdks/corretto-11.0.10!/java.sql" type="simple" />
            <root url="jrt:///home/tassilo/.jdks/corretto-11.0.10!/java.sql.rowset" type="simple" />
            <root url="jrt:///home/tassilo/.jdks/corretto-11.0.10!/java.transaction.xa" type="simple" />
            <root url="jrt:///home/tassilo/.jdks/corretto-11.0.10!/java.xml" type="simple" />
            <root url="jrt:///home/tassilo/.jdks/corretto-11.0.10!/java.xml.crypto" type="simple" />
            <root url="jrt:///home/tassilo/.jdks/corretto-11.0.10!/jdk.accessibility" type="simple" />
            <root url="jrt:///home/tassilo/.jdks/corretto-11.0.10!/jdk.aot" type="simple" />
            <root url="jrt:///home/tassilo/.jdks/corretto-11.0.10!/jdk.attach" type="simple" />
            <root url="jrt:///home/tassilo/.jdks/corretto-11.0.10!/jdk.charsets" type="simple" />
            <root url="jrt:///home/tassilo/.jdks/corretto-11.0.10!/jdk.compiler" type="simple" />
            <root url="jrt:///home/tassilo/.jdks/corretto-11.0.10!/jdk.crypto.cryptoki" type="simple" />
            <root url="jrt:///home/tassilo/.jdks/corretto-11.0.10!/jdk.crypto.ec" type="simple" />
            <root url="jrt:///home/tassilo/.jdks/corretto-11.0.10!/jdk.dynalink" type="simple" />
            <root url="jrt:///home/tassilo/.jdks/corretto-11.0.10!/jdk.editpad" type="simple" />
            <root url="jrt:///home/tassilo/.jdks/corretto-11.0.10!/jdk.hotspot.agent" type="simple" />
            <root url="jrt:///home/tassilo/.jdks/corretto-11.0.10!/jdk.httpserver" type="simple" />
            <root url="jrt:///home/tassilo/.jdks/corretto-11.0.10!/jdk.internal.ed" type="simple" />
            <root url="jrt:///home/tassilo/.jdks/corretto-11.0.10!/jdk.internal.jvmstat" type="simple" />
            <root url="jrt:///home/tassilo/.jdks/corretto-11.0.10!/jdk.internal.le" type="simple" />
            <root url="jrt:///home/tassilo/.jdks/corretto-11.0.10!/jdk.internal.opt" type="simple" />
            <root url="jrt:///home/tassilo/.jdks/corretto-11.0.10!/jdk.internal.vm.ci" type="simple" />
            <root url="jrt:///home/tassilo/.jdks/corretto-11.0.10!/jdk.internal.vm.compiler" type="simple" />
            <root url="jrt:///home/tassilo/.jdks/corretto-11.0.10!/jdk.internal.vm.compiler.management" type="simple" />
            <root url="jrt:///home/tassilo/.jdks/corretto-11.0.10!/jdk.jartool" type="simple" />
            <root url="jrt:///home/tassilo/.jdks/corretto-11.0.10!/jdk.javadoc" type="simple" />
            <root url="jrt:///home/tassilo/.jdks/corretto-11.0.10!/jdk.jcmd" type="simple" />
            <root url="jrt:///home/tassilo/.jdks/corretto-11.0.10!/jdk.jconsole" type="simple" />
            <root url="jrt:///home/tassilo/.jdks/corretto-11.0.10!/jdk.jdeps" type="simple" />
            <root url="jrt:///home/tassilo/.jdks/corretto-11.0.10!/jdk.jdi" type="simple" />
            <root url="jrt:///home/tassilo/.jdks/corretto-11.0.10!/jdk.jdwp.agent" type="simple" />
            <root url="jrt:///home/tassilo/.jdks/corretto-11.0.10!/jdk.jfr" type="simple" />
            <root url="jrt:///home/tassilo/.jdks/corretto-11.0.10!/jdk.jlink" type="simple" />
            <root url="jrt:///home/tassilo/.jdks/corretto-11.0.10!/jdk.jshell" type="simple" />
            <root url="jrt:///home/tassilo/.jdks/corretto-11.0.10!/jdk.jsobject" type="simple" />
            <root url="jrt:///home/tassilo/.jdks/corretto-11.0.10!/jdk.jstatd" type="simple" />
            <root url="jrt:///home/tassilo/.jdks/corretto-11.0.10!/jdk.localedata" type="simple" />
            <root url="jrt:///home/tassilo/.jdks/corretto-11.0.10!/jdk.management" type="simple" />
            <root url="jrt:///home/tassilo/.jdks/corretto-11.0.10!/jdk.management.agent" type="simple" />
            <root url="jrt:///home/tassilo/.jdks/corretto-11.0.10!/jdk.management.jfr" type="simple" />
            <root url="jrt:///home/tassilo/.jdks/corretto-11.0.10!/jdk.naming.dns" type="simple" />
            <root url="jrt:///home/tassilo/.jdks/corretto-11.0.10!/jdk.naming.ldap" type="simple" />
            <root url="jrt:///home/tassilo/.jdks/corretto-11.0.10!/jdk.naming.rmi" type="simple" />
            <root url="jrt:///home/tassilo/.jdks/corretto-11.0.10!/jdk.net" type="simple" />
            <root url="jrt:///home/tassilo/.jdks/corretto-11.0.10!/jdk.pack" type="simple" />
            <root url="jrt:///home/tassilo/.jdks/corretto-11.0.10!/jdk.rmic" type="simple" />
            <root url="jrt:///home/tassilo/.jdks/corretto-11.0.10!/jdk.scripting.nashorn" type="simple" />
            <root url="jrt:///home/tassilo/.jdks/corretto-11.0.10!/jdk.scripting.nashorn.shell" type="simple" />
            <root url="jrt:///home/tassilo/.jdks/corretto-11.0.10!/jdk.sctp" type="simple" />
            <root url="jrt:///home/tassilo/.jdks/corretto-11.0.10!/jdk.security.auth" type="simple" />
            <root url="jrt:///home/tassilo/.jdks/corretto-11.0.10!/jdk.security.jgss" type="simple" />
            <root url="jrt:///home/tassilo/.jdks/corretto-11.0.10!/jdk.unsupported" type="simple" />
            <root url="jrt:///home/tassilo/.jdks/corretto-11.0.10!/jdk.unsupported.desktop" type="simple" />
            <root url="jrt:///home/tassilo/.jdks/corretto-11.0.10!/jdk.xml.dom" type="simple" />
            <root url="jrt:///home/tassilo/.jdks/corretto-11.0.10!/jdk.zipfs" type="simple" />
          </root>
        </classPath>
        <javadocPath>
          <root type="composite" />
        </javadocPath>
        <sourcePath>
          <root type="composite">
            <root url="jar://$USER_HOME$/.jdks/corretto-11.0.10/lib/src.zip!/java.se" type="simple" />
            <root url="jar://$USER_HOME$/.jdks/corretto-11.0.10/lib/src.zip!/jdk.aot" type="simple" />
            <root url="jar://$USER_HOME$/.jdks/corretto-11.0.10/lib/src.zip!/jdk.jdi" type="simple" />
            <root url="jar://$USER_HOME$/.jdks/corretto-11.0.10/lib/src.zip!/jdk.jfr" type="simple" />
            <root url="jar://$USER_HOME$/.jdks/corretto-11.0.10/lib/src.zip!/jdk.net" type="simple" />
            <root url="jar://$USER_HOME$/.jdks/corretto-11.0.10/lib/src.zip!/java.rmi" type="simple" />
            <root url="jar://$USER_HOME$/.jdks/corretto-11.0.10/lib/src.zip!/java.sql" type="simple" />
            <root url="jar://$USER_HOME$/.jdks/corretto-11.0.10/lib/src.zip!/java.xml" type="simple" />
            <root url="jar://$USER_HOME$/.jdks/corretto-11.0.10/lib/src.zip!/jdk.jcmd" type="simple" />
            <root url="jar://$USER_HOME$/.jdks/corretto-11.0.10/lib/src.zip!/jdk.pack" type="simple" />
            <root url="jar://$USER_HOME$/.jdks/corretto-11.0.10/lib/src.zip!/jdk.rmic" type="simple" />
            <root url="jar://$USER_HOME$/.jdks/corretto-11.0.10/lib/src.zip!/jdk.sctp" type="simple" />
            <root url="jar://$USER_HOME$/.jdks/corretto-11.0.10/lib/src.zip!/java.base" type="simple" />
            <root url="jar://$USER_HOME$/.jdks/corretto-11.0.10/lib/src.zip!/jdk.jdeps" type="simple" />
            <root url="jar://$USER_HOME$/.jdks/corretto-11.0.10/lib/src.zip!/jdk.jlink" type="simple" />
            <root url="jar://$USER_HOME$/.jdks/corretto-11.0.10/lib/src.zip!/jdk.zipfs" type="simple" />
            <root url="jar://$USER_HOME$/.jdks/corretto-11.0.10/lib/src.zip!/java.prefs" type="simple" />
            <root url="jar://$USER_HOME$/.jdks/corretto-11.0.10/lib/src.zip!/jdk.attach" type="simple" />
            <root url="jar://$USER_HOME$/.jdks/corretto-11.0.10/lib/src.zip!/jdk.jshell" type="simple" />
            <root url="jar://$USER_HOME$/.jdks/corretto-11.0.10/lib/src.zip!/jdk.jstatd" type="simple" />
            <root url="jar://$USER_HOME$/.jdks/corretto-11.0.10/lib/src.zip!/java.naming" type="simple" />
            <root url="jar://$USER_HOME$/.jdks/corretto-11.0.10/lib/src.zip!/jdk.editpad" type="simple" />
            <root url="jar://$USER_HOME$/.jdks/corretto-11.0.10/lib/src.zip!/jdk.jartool" type="simple" />
            <root url="jar://$USER_HOME$/.jdks/corretto-11.0.10/lib/src.zip!/jdk.javadoc" type="simple" />
            <root url="jar://$USER_HOME$/.jdks/corretto-11.0.10/lib/src.zip!/jdk.xml.dom" type="simple" />
            <root url="jar://$USER_HOME$/.jdks/corretto-11.0.10/lib/src.zip!/java.desktop" type="simple" />
            <root url="jar://$USER_HOME$/.jdks/corretto-11.0.10/lib/src.zip!/java.logging" type="simple" />
            <root url="jar://$USER_HOME$/.jdks/corretto-11.0.10/lib/src.zip!/jdk.charsets" type="simple" />
            <root url="jar://$USER_HOME$/.jdks/corretto-11.0.10/lib/src.zip!/jdk.compiler" type="simple" />
            <root url="jar://$USER_HOME$/.jdks/corretto-11.0.10/lib/src.zip!/jdk.dynalink" type="simple" />
            <root url="jar://$USER_HOME$/.jdks/corretto-11.0.10/lib/src.zip!/jdk.jconsole" type="simple" />
            <root url="jar://$USER_HOME$/.jdks/corretto-11.0.10/lib/src.zip!/jdk.jsobject" type="simple" />
            <root url="jar://$USER_HOME$/.jdks/corretto-11.0.10/lib/src.zip!/java.compiler" type="simple" />
            <root url="jar://$USER_HOME$/.jdks/corretto-11.0.10/lib/src.zip!/java.net.http" type="simple" />
            <root url="jar://$USER_HOME$/.jdks/corretto-11.0.10/lib/src.zip!/jdk.crypto.ec" type="simple" />
            <root url="jar://$USER_HOME$/.jdks/corretto-11.0.10/lib/src.zip!/java.scripting" type="simple" />
            <root url="jar://$USER_HOME$/.jdks/corretto-11.0.10/lib/src.zip!/jdk.httpserver" type="simple" />
            <root url="jar://$USER_HOME$/.jdks/corretto-11.0.10/lib/src.zip!/jdk.jdwp.agent" type="simple" />
            <root url="jar://$USER_HOME$/.jdks/corretto-11.0.10/lib/src.zip!/jdk.localedata" type="simple" />
            <root url="jar://$USER_HOME$/.jdks/corretto-11.0.10/lib/src.zip!/jdk.management" type="simple" />
            <root url="jar://$USER_HOME$/.jdks/corretto-11.0.10/lib/src.zip!/jdk.naming.dns" type="simple" />
            <root url="jar://$USER_HOME$/.jdks/corretto-11.0.10/lib/src.zip!/jdk.naming.rmi" type="simple" />
            <root url="jar://$USER_HOME$/.jdks/corretto-11.0.10/lib/src.zip!/java.instrument" type="simple" />
            <root url="jar://$USER_HOME$/.jdks/corretto-11.0.10/lib/src.zip!/java.management" type="simple" />
            <root url="jar://$USER_HOME$/.jdks/corretto-11.0.10/lib/src.zip!/java.sql.rowset" type="simple" />
            <root url="jar://$USER_HOME$/.jdks/corretto-11.0.10/lib/src.zip!/java.xml.crypto" type="simple" />
            <root url="jar://$USER_HOME$/.jdks/corretto-11.0.10/lib/src.zip!/jdk.internal.ed" type="simple" />
            <root url="jar://$USER_HOME$/.jdks/corretto-11.0.10/lib/src.zip!/jdk.internal.le" type="simple" />
            <root url="jar://$USER_HOME$/.jdks/corretto-11.0.10/lib/src.zip!/jdk.naming.ldap" type="simple" />
            <root url="jar://$USER_HOME$/.jdks/corretto-11.0.10/lib/src.zip!/jdk.unsupported" type="simple" />
            <root url="jar://$USER_HOME$/.jdks/corretto-11.0.10/lib/src.zip!/java.smartcardio" type="simple" />
            <root url="jar://$USER_HOME$/.jdks/corretto-11.0.10/lib/src.zip!/jdk.internal.opt" type="simple" />
            <root url="jar://$USER_HOME$/.jdks/corretto-11.0.10/lib/src.zip!/java.datatransfer" type="simple" />
            <root url="jar://$USER_HOME$/.jdks/corretto-11.0.10/lib/src.zip!/jdk.accessibility" type="simple" />
            <root url="jar://$USER_HOME$/.jdks/corretto-11.0.10/lib/src.zip!/jdk.hotspot.agent" type="simple" />
            <root url="jar://$USER_HOME$/.jdks/corretto-11.0.10/lib/src.zip!/jdk.security.auth" type="simple" />
            <root url="jar://$USER_HOME$/.jdks/corretto-11.0.10/lib/src.zip!/jdk.security.jgss" type="simple" />
            <root url="jar://$USER_HOME$/.jdks/corretto-11.0.10/lib/src.zip!/java.security.jgss" type="simple" />
            <root url="jar://$USER_HOME$/.jdks/corretto-11.0.10/lib/src.zip!/java.security.sasl" type="simple" />
            <root url="jar://$USER_HOME$/.jdks/corretto-11.0.10/lib/src.zip!/jdk.internal.vm.ci" type="simple" />
            <root url="jar://$USER_HOME$/.jdks/corretto-11.0.10/lib/src.zip!/jdk.management.jfr" type="simple" />
            <root url="jar://$USER_HOME$/.jdks/corretto-11.0.10/lib/src.zip!/java.management.rmi" type="simple" />
            <root url="jar://$USER_HOME$/.jdks/corretto-11.0.10/lib/src.zip!/java.transaction.xa" type="simple" />
            <root url="jar://$USER_HOME$/.jdks/corretto-11.0.10/lib/src.zip!/jdk.crypto.cryptoki" type="simple" />
            <root url="jar://$USER_HOME$/.jdks/corretto-11.0.10/lib/src.zip!/jdk.internal.jvmstat" type="simple" />
            <root url="jar://$USER_HOME$/.jdks/corretto-11.0.10/lib/src.zip!/jdk.management.agent" type="simple" />
            <root url="jar://$USER_HOME$/.jdks/corretto-11.0.10/lib/src.zip!/jdk.scripting.nashorn" type="simple" />
            <root url="jar://$USER_HOME$/.jdks/corretto-11.0.10/lib/src.zip!/jdk.unsupported.desktop" type="simple" />
            <root url="jar://$USER_HOME$/.jdks/corretto-11.0.10/lib/src.zip!/jdk.internal.vm.compiler" type="simple" />
            <root url="jar://$USER_HOME$/.jdks/corretto-11.0.10/lib/src.zip!/jdk.scripting.nashorn.shell" type="simple" />
            <root url="jar://$USER_HOME$/.jdks/corretto-11.0.10/lib/src.zip!/jdk.internal.vm.compiler.management" type="simple" />
          </root>
        </sourcePath>
      </roots>
      <additional />
    </jdk>
    <jdk version="2">
      <name value="11" />
      <type value="JavaSDK" />
      <version value="java version &quot;11.0.10&quot;" />
      <homePath value="$USER_HOME$/.jdks/corretto-11.0.10" />
      <roots>
        <annotationsPath>
          <root type="composite">
            <root url="jar://$APPLICATION_HOME_DIR$/plugins/java/lib/jdkAnnotations.jar!/" type="simple" />
          </root>
        </annotationsPath>
        <classPath>
          <root type="composite">
            <root url="jrt:///home/tassilo/.jdks/corretto-11.0.10!/java.base" type="simple" />
            <root url="jrt:///home/tassilo/.jdks/corretto-11.0.10!/java.compiler" type="simple" />
            <root url="jrt:///home/tassilo/.jdks/corretto-11.0.10!/java.datatransfer" type="simple" />
            <root url="jrt:///home/tassilo/.jdks/corretto-11.0.10!/java.desktop" type="simple" />
            <root url="jrt:///home/tassilo/.jdks/corretto-11.0.10!/java.instrument" type="simple" />
            <root url="jrt:///home/tassilo/.jdks/corretto-11.0.10!/java.logging" type="simple" />
            <root url="jrt:///home/tassilo/.jdks/corretto-11.0.10!/java.management" type="simple" />
            <root url="jrt:///home/tassilo/.jdks/corretto-11.0.10!/java.management.rmi" type="simple" />
            <root url="jrt:///home/tassilo/.jdks/corretto-11.0.10!/java.naming" type="simple" />
            <root url="jrt:///home/tassilo/.jdks/corretto-11.0.10!/java.net.http" type="simple" />
            <root url="jrt:///home/tassilo/.jdks/corretto-11.0.10!/java.prefs" type="simple" />
            <root url="jrt:///home/tassilo/.jdks/corretto-11.0.10!/java.rmi" type="simple" />
            <root url="jrt:///home/tassilo/.jdks/corretto-11.0.10!/java.scripting" type="simple" />
            <root url="jrt:///home/tassilo/.jdks/corretto-11.0.10!/java.se" type="simple" />
            <root url="jrt:///home/tassilo/.jdks/corretto-11.0.10!/java.security.jgss" type="simple" />
            <root url="jrt:///home/tassilo/.jdks/corretto-11.0.10!/java.security.sasl" type="simple" />
            <root url="jrt:///home/tassilo/.jdks/corretto-11.0.10!/java.smartcardio" type="simple" />
            <root url="jrt:///home/tassilo/.jdks/corretto-11.0.10!/java.sql" type="simple" />
            <root url="jrt:///home/tassilo/.jdks/corretto-11.0.10!/java.sql.rowset" type="simple" />
            <root url="jrt:///home/tassilo/.jdks/corretto-11.0.10!/java.transaction.xa" type="simple" />
            <root url="jrt:///home/tassilo/.jdks/corretto-11.0.10!/java.xml" type="simple" />
            <root url="jrt:///home/tassilo/.jdks/corretto-11.0.10!/java.xml.crypto" type="simple" />
            <root url="jrt:///home/tassilo/.jdks/corretto-11.0.10!/jdk.accessibility" type="simple" />
            <root url="jrt:///home/tassilo/.jdks/corretto-11.0.10!/jdk.aot" type="simple" />
            <root url="jrt:///home/tassilo/.jdks/corretto-11.0.10!/jdk.attach" type="simple" />
            <root url="jrt:///home/tassilo/.jdks/corretto-11.0.10!/jdk.charsets" type="simple" />
            <root url="jrt:///home/tassilo/.jdks/corretto-11.0.10!/jdk.compiler" type="simple" />
            <root url="jrt:///home/tassilo/.jdks/corretto-11.0.10!/jdk.crypto.cryptoki" type="simple" />
            <root url="jrt:///home/tassilo/.jdks/corretto-11.0.10!/jdk.crypto.ec" type="simple" />
            <root url="jrt:///home/tassilo/.jdks/corretto-11.0.10!/jdk.dynalink" type="simple" />
            <root url="jrt:///home/tassilo/.jdks/corretto-11.0.10!/jdk.editpad" type="simple" />
            <root url="jrt:///home/tassilo/.jdks/corretto-11.0.10!/jdk.hotspot.agent" type="simple" />
            <root url="jrt:///home/tassilo/.jdks/corretto-11.0.10!/jdk.httpserver" type="simple" />
            <root url="jrt:///home/tassilo/.jdks/corretto-11.0.10!/jdk.internal.ed" type="simple" />
            <root url="jrt:///home/tassilo/.jdks/corretto-11.0.10!/jdk.internal.jvmstat" type="simple" />
            <root url="jrt:///home/tassilo/.jdks/corretto-11.0.10!/jdk.internal.le" type="simple" />
            <root url="jrt:///home/tassilo/.jdks/corretto-11.0.10!/jdk.internal.opt" type="simple" />
            <root url="jrt:///home/tassilo/.jdks/corretto-11.0.10!/jdk.internal.vm.ci" type="simple" />
            <root url="jrt:///home/tassilo/.jdks/corretto-11.0.10!/jdk.internal.vm.compiler" type="simple" />
            <root url="jrt:///home/tassilo/.jdks/corretto-11.0.10!/jdk.internal.vm.compiler.management" type="simple" />
            <root url="jrt:///home/tassilo/.jdks/corretto-11.0.10!/jdk.jartool" type="simple" />
            <root url="jrt:///home/tassilo/.jdks/corretto-11.0.10!/jdk.javadoc" type="simple" />
            <root url="jrt:///home/tassilo/.jdks/corretto-11.0.10!/jdk.jcmd" type="simple" />
            <root url="jrt:///home/tassilo/.jdks/corretto-11.0.10!/jdk.jconsole" type="simple" />
            <root url="jrt:///home/tassilo/.jdks/corretto-11.0.10!/jdk.jdeps" type="simple" />
            <root url="jrt:///home/tassilo/.jdks/corretto-11.0.10!/jdk.jdi" type="simple" />
            <root url="jrt:///home/tassilo/.jdks/corretto-11.0.10!/jdk.jdwp.agent" type="simple" />
            <root url="jrt:///home/tassilo/.jdks/corretto-11.0.10!/jdk.jfr" type="simple" />
            <root url="jrt:///home/tassilo/.jdks/corretto-11.0.10!/jdk.jlink" type="simple" />
            <root url="jrt:///home/tassilo/.jdks/corretto-11.0.10!/jdk.jshell" type="simple" />
            <root url="jrt:///home/tassilo/.jdks/corretto-11.0.10!/jdk.jsobject" type="simple" />
            <root url="jrt:///home/tassilo/.jdks/corretto-11.0.10!/jdk.jstatd" type="simple" />
            <root url="jrt:///home/tassilo/.jdks/corretto-11.0.10!/jdk.localedata" type="simple" />
            <root url="jrt:///home/tassilo/.jdks/corretto-11.0.10!/jdk.management" type="simple" />
            <root url="jrt:///home/tassilo/.jdks/corretto-11.0.10!/jdk.management.agent" type="simple" />
            <root url="jrt:///home/tassilo/.jdks/corretto-11.0.10!/jdk.management.jfr" type="simple" />
            <root url="jrt:///home/tassilo/.jdks/corretto-11.0.10!/jdk.naming.dns" type="simple" />
            <root url="jrt:///home/tassilo/.jdks/corretto-11.0.10!/jdk.naming.ldap" type="simple" />
            <root url="jrt:///home/tassilo/.jdks/corretto-11.0.10!/jdk.naming.rmi" type="simple" />
            <root url="jrt:///home/tassilo/.jdks/corretto-11.0.10!/jdk.net" type="simple" />
            <root url="jrt:///home/tassilo/.jdks/corretto-11.0.10!/jdk.pack" type="simple" />
            <root url="jrt:///home/tassilo/.jdks/corretto-11.0.10!/jdk.rmic" type="simple" />
            <root url="jrt:///home/tassilo/.jdks/corretto-11.0.10!/jdk.scripting.nashorn" type="simple" />
            <root url="jrt:///home/tassilo/.jdks/corretto-11.0.10!/jdk.scripting.nashorn.shell" type="simple" />
            <root url="jrt:///home/tassilo/.jdks/corretto-11.0.10!/jdk.sctp" type="simple" />
            <root url="jrt:///home/tassilo/.jdks/corretto-11.0.10!/jdk.security.auth" type="simple" />
            <root url="jrt:///home/tassilo/.jdks/corretto-11.0.10!/jdk.security.jgss" type="simple" />
            <root url="jrt:///home/tassilo/.jdks/corretto-11.0.10!/jdk.unsupported" type="simple" />
            <root url="jrt:///home/tassilo/.jdks/corretto-11.0.10!/jdk.unsupported.desktop" type="simple" />
            <root url="jrt:///home/tassilo/.jdks/corretto-11.0.10!/jdk.xml.dom" type="simple" />
            <root url="jrt:///home/tassilo/.jdks/corretto-11.0.10!/jdk.zipfs" type="simple" />
          </root>
        </classPath>
        <javadocPath>
          <root type="composite" />
        </javadocPath>
        <sourcePath>
          <root type="composite">
            <root url="jar://$USER_HOME$/.jdks/corretto-11.0.10/lib/src.zip!/java.se" type="simple" />
            <root url="jar://$USER_HOME$/.jdks/corretto-11.0.10/lib/src.zip!/jdk.aot" type="simple" />
            <root url="jar://$USER_HOME$/.jdks/corretto-11.0.10/lib/src.zip!/jdk.jdi" type="simple" />
            <root url="jar://$USER_HOME$/.jdks/corretto-11.0.10/lib/src.zip!/jdk.jfr" type="simple" />
            <root url="jar://$USER_HOME$/.jdks/corretto-11.0.10/lib/src.zip!/jdk.net" type="simple" />
            <root url="jar://$USER_HOME$/.jdks/corretto-11.0.10/lib/src.zip!/java.rmi" type="simple" />
            <root url="jar://$USER_HOME$/.jdks/corretto-11.0.10/lib/src.zip!/java.sql" type="simple" />
            <root url="jar://$USER_HOME$/.jdks/corretto-11.0.10/lib/src.zip!/java.xml" type="simple" />
            <root url="jar://$USER_HOME$/.jdks/corretto-11.0.10/lib/src.zip!/jdk.jcmd" type="simple" />
            <root url="jar://$USER_HOME$/.jdks/corretto-11.0.10/lib/src.zip!/jdk.pack" type="simple" />
            <root url="jar://$USER_HOME$/.jdks/corretto-11.0.10/lib/src.zip!/jdk.rmic" type="simple" />
            <root url="jar://$USER_HOME$/.jdks/corretto-11.0.10/lib/src.zip!/jdk.sctp" type="simple" />
            <root url="jar://$USER_HOME$/.jdks/corretto-11.0.10/lib/src.zip!/java.base" type="simple" />
            <root url="jar://$USER_HOME$/.jdks/corretto-11.0.10/lib/src.zip!/jdk.jdeps" type="simple" />
            <root url="jar://$USER_HOME$/.jdks/corretto-11.0.10/lib/src.zip!/jdk.jlink" type="simple" />
            <root url="jar://$USER_HOME$/.jdks/corretto-11.0.10/lib/src.zip!/jdk.zipfs" type="simple" />
            <root url="jar://$USER_HOME$/.jdks/corretto-11.0.10/lib/src.zip!/java.prefs" type="simple" />
            <root url="jar://$USER_HOME$/.jdks/corretto-11.0.10/lib/src.zip!/jdk.attach" type="simple" />
            <root url="jar://$USER_HOME$/.jdks/corretto-11.0.10/lib/src.zip!/jdk.jshell" type="simple" />
            <root url="jar://$USER_HOME$/.jdks/corretto-11.0.10/lib/src.zip!/jdk.jstatd" type="simple" />
            <root url="jar://$USER_HOME$/.jdks/corretto-11.0.10/lib/src.zip!/java.naming" type="simple" />
            <root url="jar://$USER_HOME$/.jdks/corretto-11.0.10/lib/src.zip!/jdk.editpad" type="simple" />
            <root url="jar://$USER_HOME$/.jdks/corretto-11.0.10/lib/src.zip!/jdk.jartool" type="simple" />
            <root url="jar://$USER_HOME$/.jdks/corretto-11.0.10/lib/src.zip!/jdk.javadoc" type="simple" />
            <root url="jar://$USER_HOME$/.jdks/corretto-11.0.10/lib/src.zip!/jdk.xml.dom" type="simple" />
            <root url="jar://$USER_HOME$/.jdks/corretto-11.0.10/lib/src.zip!/java.desktop" type="simple" />
            <root url="jar://$USER_HOME$/.jdks/corretto-11.0.10/lib/src.zip!/java.logging" type="simple" />
            <root url="jar://$USER_HOME$/.jdks/corretto-11.0.10/lib/src.zip!/jdk.charsets" type="simple" />
            <root url="jar://$USER_HOME$/.jdks/corretto-11.0.10/lib/src.zip!/jdk.compiler" type="simple" />
            <root url="jar://$USER_HOME$/.jdks/corretto-11.0.10/lib/src.zip!/jdk.dynalink" type="simple" />
            <root url="jar://$USER_HOME$/.jdks/corretto-11.0.10/lib/src.zip!/jdk.jconsole" type="simple" />
            <root url="jar://$USER_HOME$/.jdks/corretto-11.0.10/lib/src.zip!/jdk.jsobject" type="simple" />
            <root url="jar://$USER_HOME$/.jdks/corretto-11.0.10/lib/src.zip!/java.compiler" type="simple" />
            <root url="jar://$USER_HOME$/.jdks/corretto-11.0.10/lib/src.zip!/java.net.http" type="simple" />
            <root url="jar://$USER_HOME$/.jdks/corretto-11.0.10/lib/src.zip!/jdk.crypto.ec" type="simple" />
            <root url="jar://$USER_HOME$/.jdks/corretto-11.0.10/lib/src.zip!/java.scripting" type="simple" />
            <root url="jar://$USER_HOME$/.jdks/corretto-11.0.10/lib/src.zip!/jdk.httpserver" type="simple" />
            <root url="jar://$USER_HOME$/.jdks/corretto-11.0.10/lib/src.zip!/jdk.jdwp.agent" type="simple" />
            <root url="jar://$USER_HOME$/.jdks/corretto-11.0.10/lib/src.zip!/jdk.localedata" type="simple" />
            <root url="jar://$USER_HOME$/.jdks/corretto-11.0.10/lib/src.zip!/jdk.management" type="simple" />
            <root url="jar://$USER_HOME$/.jdks/corretto-11.0.10/lib/src.zip!/jdk.naming.dns" type="simple" />
            <root url="jar://$USER_HOME$/.jdks/corretto-11.0.10/lib/src.zip!/jdk.naming.rmi" type="simple" />
            <root url="jar://$USER_HOME$/.jdks/corretto-11.0.10/lib/src.zip!/java.instrument" type="simple" />
            <root url="jar://$USER_HOME$/.jdks/corretto-11.0.10/lib/src.zip!/java.management" type="simple" />
            <root url="jar://$USER_HOME$/.jdks/corretto-11.0.10/lib/src.zip!/java.sql.rowset" type="simple" />
            <root url="jar://$USER_HOME$/.jdks/corretto-11.0.10/lib/src.zip!/java.xml.crypto" type="simple" />
            <root url="jar://$USER_HOME$/.jdks/corretto-11.0.10/lib/src.zip!/jdk.internal.ed" type="simple" />
            <root url="jar://$USER_HOME$/.jdks/corretto-11.0.10/lib/src.zip!/jdk.internal.le" type="simple" />
            <root url="jar://$USER_HOME$/.jdks/corretto-11.0.10/lib/src.zip!/jdk.naming.ldap" type="simple" />
            <root url="jar://$USER_HOME$/.jdks/corretto-11.0.10/lib/src.zip!/jdk.unsupported" type="simple" />
            <root url="jar://$USER_HOME$/.jdks/corretto-11.0.10/lib/src.zip!/java.smartcardio" type="simple" />
            <root url="jar://$USER_HOME$/.jdks/corretto-11.0.10/lib/src.zip!/jdk.internal.opt" type="simple" />
            <root url="jar://$USER_HOME$/.jdks/corretto-11.0.10/lib/src.zip!/java.datatransfer" type="simple" />
            <root url="jar://$USER_HOME$/.jdks/corretto-11.0.10/lib/src.zip!/jdk.accessibility" type="simple" />
            <root url="jar://$USER_HOME$/.jdks/corretto-11.0.10/lib/src.zip!/jdk.hotspot.agent" type="simple" />
            <root url="jar://$USER_HOME$/.jdks/corretto-11.0.10/lib/src.zip!/jdk.security.auth" type="simple" />
            <root url="jar://$USER_HOME$/.jdks/corretto-11.0.10/lib/src.zip!/jdk.security.jgss" type="simple" />
            <root url="jar://$USER_HOME$/.jdks/corretto-11.0.10/lib/src.zip!/java.security.jgss" type="simple" />
            <root url="jar://$USER_HOME$/.jdks/corretto-11.0.10/lib/src.zip!/java.security.sasl" type="simple" />
            <root url="jar://$USER_HOME$/.jdks/corretto-11.0.10/lib/src.zip!/jdk.internal.vm.ci" type="simple" />
            <root url="jar://$USER_HOME$/.jdks/corretto-11.0.10/lib/src.zip!/jdk.management.jfr" type="simple" />
            <root url="jar://$USER_HOME$/.jdks/corretto-11.0.10/lib/src.zip!/java.management.rmi" type="simple" />
            <root url="jar://$USER_HOME$/.jdks/corretto-11.0.10/lib/src.zip!/java.transaction.xa" type="simple" />
            <root url="jar://$USER_HOME$/.jdks/corretto-11.0.10/lib/src.zip!/jdk.crypto.cryptoki" type="simple" />
            <root url="jar://$USER_HOME$/.jdks/corretto-11.0.10/lib/src.zip!/jdk.internal.jvmstat" type="simple" />
            <root url="jar://$USER_HOME$/.jdks/corretto-11.0.10/lib/src.zip!/jdk.management.agent" type="simple" />
            <root url="jar://$USER_HOME$/.jdks/corretto-11.0.10/lib/src.zip!/jdk.scripting.nashorn" type="simple" />
            <root url="jar://$USER_HOME$/.jdks/corretto-11.0.10/lib/src.zip!/jdk.unsupported.desktop" type="simple" />
            <root url="jar://$USER_HOME$/.jdks/corretto-11.0.10/lib/src.zip!/jdk.internal.vm.compiler" type="simple" />
            <root url="jar://$USER_HOME$/.jdks/corretto-11.0.10/lib/src.zip!/jdk.scripting.nashorn.shell" type="simple" />
            <root url="jar://$USER_HOME$/.jdks/corretto-11.0.10/lib/src.zip!/jdk.internal.vm.compiler.management" type="simple" />
          </root>
        </sourcePath>
      </roots>
      <additional />
    </jdk>
    <jdk version="2">
      <name value="14" />
      <type value="JavaSDK" />
      <version value="java version &quot;11.0.10&quot;" />
      <homePath value="$USER_HOME$/.jdks/corretto-11.0.10" />
      <roots>
        <annotationsPath>
          <root type="composite">
            <root url="jar://$APPLICATION_HOME_DIR$/plugins/java/lib/jdkAnnotations.jar!/" type="simple" />
          </root>
        </annotationsPath>
        <classPath>
          <root type="composite">
            <root url="jrt:///home/tassilo/.jdks/corretto-11.0.10!/java.base" type="simple" />
            <root url="jrt:///home/tassilo/.jdks/corretto-11.0.10!/java.compiler" type="simple" />
            <root url="jrt:///home/tassilo/.jdks/corretto-11.0.10!/java.datatransfer" type="simple" />
            <root url="jrt:///home/tassilo/.jdks/corretto-11.0.10!/java.desktop" type="simple" />
            <root url="jrt:///home/tassilo/.jdks/corretto-11.0.10!/java.instrument" type="simple" />
            <root url="jrt:///home/tassilo/.jdks/corretto-11.0.10!/java.logging" type="simple" />
            <root url="jrt:///home/tassilo/.jdks/corretto-11.0.10!/java.management" type="simple" />
            <root url="jrt:///home/tassilo/.jdks/corretto-11.0.10!/java.management.rmi" type="simple" />
            <root url="jrt:///home/tassilo/.jdks/corretto-11.0.10!/java.naming" type="simple" />
            <root url="jrt:///home/tassilo/.jdks/corretto-11.0.10!/java.net.http" type="simple" />
            <root url="jrt:///home/tassilo/.jdks/corretto-11.0.10!/java.prefs" type="simple" />
            <root url="jrt:///home/tassilo/.jdks/corretto-11.0.10!/java.rmi" type="simple" />
            <root url="jrt:///home/tassilo/.jdks/corretto-11.0.10!/java.scripting" type="simple" />
            <root url="jrt:///home/tassilo/.jdks/corretto-11.0.10!/java.se" type="simple" />
            <root url="jrt:///home/tassilo/.jdks/corretto-11.0.10!/java.security.jgss" type="simple" />
            <root url="jrt:///home/tassilo/.jdks/corretto-11.0.10!/java.security.sasl" type="simple" />
            <root url="jrt:///home/tassilo/.jdks/corretto-11.0.10!/java.smartcardio" type="simple" />
            <root url="jrt:///home/tassilo/.jdks/corretto-11.0.10!/java.sql" type="simple" />
            <root url="jrt:///home/tassilo/.jdks/corretto-11.0.10!/java.sql.rowset" type="simple" />
            <root url="jrt:///home/tassilo/.jdks/corretto-11.0.10!/java.transaction.xa" type="simple" />
            <root url="jrt:///home/tassilo/.jdks/corretto-11.0.10!/java.xml" type="simple" />
            <root url="jrt:///home/tassilo/.jdks/corretto-11.0.10!/java.xml.crypto" type="simple" />
            <root url="jrt:///home/tassilo/.jdks/corretto-11.0.10!/jdk.accessibility" type="simple" />
            <root url="jrt:///home/tassilo/.jdks/corretto-11.0.10!/jdk.aot" type="simple" />
            <root url="jrt:///home/tassilo/.jdks/corretto-11.0.10!/jdk.attach" type="simple" />
            <root url="jrt:///home/tassilo/.jdks/corretto-11.0.10!/jdk.charsets" type="simple" />
            <root url="jrt:///home/tassilo/.jdks/corretto-11.0.10!/jdk.compiler" type="simple" />
            <root url="jrt:///home/tassilo/.jdks/corretto-11.0.10!/jdk.crypto.cryptoki" type="simple" />
            <root url="jrt:///home/tassilo/.jdks/corretto-11.0.10!/jdk.crypto.ec" type="simple" />
            <root url="jrt:///home/tassilo/.jdks/corretto-11.0.10!/jdk.dynalink" type="simple" />
            <root url="jrt:///home/tassilo/.jdks/corretto-11.0.10!/jdk.editpad" type="simple" />
            <root url="jrt:///home/tassilo/.jdks/corretto-11.0.10!/jdk.hotspot.agent" type="simple" />
            <root url="jrt:///home/tassilo/.jdks/corretto-11.0.10!/jdk.httpserver" type="simple" />
            <root url="jrt:///home/tassilo/.jdks/corretto-11.0.10!/jdk.internal.ed" type="simple" />
            <root url="jrt:///home/tassilo/.jdks/corretto-11.0.10!/jdk.internal.jvmstat" type="simple" />
            <root url="jrt:///home/tassilo/.jdks/corretto-11.0.10!/jdk.internal.le" type="simple" />
            <root url="jrt:///home/tassilo/.jdks/corretto-11.0.10!/jdk.internal.opt" type="simple" />
            <root url="jrt:///home/tassilo/.jdks/corretto-11.0.10!/jdk.internal.vm.ci" type="simple" />
            <root url="jrt:///home/tassilo/.jdks/corretto-11.0.10!/jdk.internal.vm.compiler" type="simple" />
            <root url="jrt:///home/tassilo/.jdks/corretto-11.0.10!/jdk.internal.vm.compiler.management" type="simple" />
            <root url="jrt:///home/tassilo/.jdks/corretto-11.0.10!/jdk.jartool" type="simple" />
            <root url="jrt:///home/tassilo/.jdks/corretto-11.0.10!/jdk.javadoc" type="simple" />
            <root url="jrt:///home/tassilo/.jdks/corretto-11.0.10!/jdk.jcmd" type="simple" />
            <root url="jrt:///home/tassilo/.jdks/corretto-11.0.10!/jdk.jconsole" type="simple" />
            <root url="jrt:///home/tassilo/.jdks/corretto-11.0.10!/jdk.jdeps" type="simple" />
            <root url="jrt:///home/tassilo/.jdks/corretto-11.0.10!/jdk.jdi" type="simple" />
            <root url="jrt:///home/tassilo/.jdks/corretto-11.0.10!/jdk.jdwp.agent" type="simple" />
            <root url="jrt:///home/tassilo/.jdks/corretto-11.0.10!/jdk.jfr" type="simple" />
            <root url="jrt:///home/tassilo/.jdks/corretto-11.0.10!/jdk.jlink" type="simple" />
            <root url="jrt:///home/tassilo/.jdks/corretto-11.0.10!/jdk.jshell" type="simple" />
            <root url="jrt:///home/tassilo/.jdks/corretto-11.0.10!/jdk.jsobject" type="simple" />
            <root url="jrt:///home/tassilo/.jdks/corretto-11.0.10!/jdk.jstatd" type="simple" />
            <root url="jrt:///home/tassilo/.jdks/corretto-11.0.10!/jdk.localedata" type="simple" />
            <root url="jrt:///home/tassilo/.jdks/corretto-11.0.10!/jdk.management" type="simple" />
            <root url="jrt:///home/tassilo/.jdks/corretto-11.0.10!/jdk.management.agent" type="simple" />
            <root url="jrt:///home/tassilo/.jdks/corretto-11.0.10!/jdk.management.jfr" type="simple" />
            <root url="jrt:///home/tassilo/.jdks/corretto-11.0.10!/jdk.naming.dns" type="simple" />
            <root url="jrt:///home/tassilo/.jdks/corretto-11.0.10!/jdk.naming.ldap" type="simple" />
            <root url="jrt:///home/tassilo/.jdks/corretto-11.0.10!/jdk.naming.rmi" type="simple" />
            <root url="jrt:///home/tassilo/.jdks/corretto-11.0.10!/jdk.net" type="simple" />
            <root url="jrt:///home/tassilo/.jdks/corretto-11.0.10!/jdk.pack" type="simple" />
            <root url="jrt:///home/tassilo/.jdks/corretto-11.0.10!/jdk.rmic" type="simple" />
            <root url="jrt:///home/tassilo/.jdks/corretto-11.0.10!/jdk.scripting.nashorn" type="simple" />
            <root url="jrt:///home/tassilo/.jdks/corretto-11.0.10!/jdk.scripting.nashorn.shell" type="simple" />
            <root url="jrt:///home/tassilo/.jdks/corretto-11.0.10!/jdk.sctp" type="simple" />
            <root url="jrt:///home/tassilo/.jdks/corretto-11.0.10!/jdk.security.auth" type="simple" />
            <root url="jrt:///home/tassilo/.jdks/corretto-11.0.10!/jdk.security.jgss" type="simple" />
            <root url="jrt:///home/tassilo/.jdks/corretto-11.0.10!/jdk.unsupported" type="simple" />
            <root url="jrt:///home/tassilo/.jdks/corretto-11.0.10!/jdk.unsupported.desktop" type="simple" />
            <root url="jrt:///home/tassilo/.jdks/corretto-11.0.10!/jdk.xml.dom" type="simple" />
            <root url="jrt:///home/tassilo/.jdks/corretto-11.0.10!/jdk.zipfs" type="simple" />
          </root>
        </classPath>
        <javadocPath>
          <root type="composite" />
        </javadocPath>
        <sourcePath>
          <root type="composite">
            <root url="jar://$USER_HOME$/.jdks/corretto-11.0.10/lib/src.zip!/java.se" type="simple" />
            <root url="jar://$USER_HOME$/.jdks/corretto-11.0.10/lib/src.zip!/jdk.aot" type="simple" />
            <root url="jar://$USER_HOME$/.jdks/corretto-11.0.10/lib/src.zip!/jdk.jdi" type="simple" />
            <root url="jar://$USER_HOME$/.jdks/corretto-11.0.10/lib/src.zip!/jdk.jfr" type="simple" />
            <root url="jar://$USER_HOME$/.jdks/corretto-11.0.10/lib/src.zip!/jdk.net" type="simple" />
            <root url="jar://$USER_HOME$/.jdks/corretto-11.0.10/lib/src.zip!/java.rmi" type="simple" />
            <root url="jar://$USER_HOME$/.jdks/corretto-11.0.10/lib/src.zip!/java.sql" type="simple" />
            <root url="jar://$USER_HOME$/.jdks/corretto-11.0.10/lib/src.zip!/java.xml" type="simple" />
            <root url="jar://$USER_HOME$/.jdks/corretto-11.0.10/lib/src.zip!/jdk.jcmd" type="simple" />
            <root url="jar://$USER_HOME$/.jdks/corretto-11.0.10/lib/src.zip!/jdk.pack" type="simple" />
            <root url="jar://$USER_HOME$/.jdks/corretto-11.0.10/lib/src.zip!/jdk.rmic" type="simple" />
            <root url="jar://$USER_HOME$/.jdks/corretto-11.0.10/lib/src.zip!/jdk.sctp" type="simple" />
            <root url="jar://$USER_HOME$/.jdks/corretto-11.0.10/lib/src.zip!/java.base" type="simple" />
            <root url="jar://$USER_HOME$/.jdks/corretto-11.0.10/lib/src.zip!/jdk.jdeps" type="simple" />
            <root url="jar://$USER_HOME$/.jdks/corretto-11.0.10/lib/src.zip!/jdk.jlink" type="simple" />
            <root url="jar://$USER_HOME$/.jdks/corretto-11.0.10/lib/src.zip!/jdk.zipfs" type="simple" />
            <root url="jar://$USER_HOME$/.jdks/corretto-11.0.10/lib/src.zip!/java.prefs" type="simple" />
            <root url="jar://$USER_HOME$/.jdks/corretto-11.0.10/lib/src.zip!/jdk.attach" type="simple" />
            <root url="jar://$USER_HOME$/.jdks/corretto-11.0.10/lib/src.zip!/jdk.jshell" type="simple" />
            <root url="jar://$USER_HOME$/.jdks/corretto-11.0.10/lib/src.zip!/jdk.jstatd" type="simple" />
            <root url="jar://$USER_HOME$/.jdks/corretto-11.0.10/lib/src.zip!/java.naming" type="simple" />
            <root url="jar://$USER_HOME$/.jdks/corretto-11.0.10/lib/src.zip!/jdk.editpad" type="simple" />
            <root url="jar://$USER_HOME$/.jdks/corretto-11.0.10/lib/src.zip!/jdk.jartool" type="simple" />
            <root url="jar://$USER_HOME$/.jdks/corretto-11.0.10/lib/src.zip!/jdk.javadoc" type="simple" />
            <root url="jar://$USER_HOME$/.jdks/corretto-11.0.10/lib/src.zip!/jdk.xml.dom" type="simple" />
            <root url="jar://$USER_HOME$/.jdks/corretto-11.0.10/lib/src.zip!/java.desktop" type="simple" />
            <root url="jar://$USER_HOME$/.jdks/corretto-11.0.10/lib/src.zip!/java.logging" type="simple" />
            <root url="jar://$USER_HOME$/.jdks/corretto-11.0.10/lib/src.zip!/jdk.charsets" type="simple" />
            <root url="jar://$USER_HOME$/.jdks/corretto-11.0.10/lib/src.zip!/jdk.compiler" type="simple" />
            <root url="jar://$USER_HOME$/.jdks/corretto-11.0.10/lib/src.zip!/jdk.dynalink" type="simple" />
            <root url="jar://$USER_HOME$/.jdks/corretto-11.0.10/lib/src.zip!/jdk.jconsole" type="simple" />
            <root url="jar://$USER_HOME$/.jdks/corretto-11.0.10/lib/src.zip!/jdk.jsobject" type="simple" />
            <root url="jar://$USER_HOME$/.jdks/corretto-11.0.10/lib/src.zip!/java.compiler" type="simple" />
            <root url="jar://$USER_HOME$/.jdks/corretto-11.0.10/lib/src.zip!/java.net.http" type="simple" />
            <root url="jar://$USER_HOME$/.jdks/corretto-11.0.10/lib/src.zip!/jdk.crypto.ec" type="simple" />
            <root url="jar://$USER_HOME$/.jdks/corretto-11.0.10/lib/src.zip!/java.scripting" type="simple" />
            <root url="jar://$USER_HOME$/.jdks/corretto-11.0.10/lib/src.zip!/jdk.httpserver" type="simple" />
            <root url="jar://$USER_HOME$/.jdks/corretto-11.0.10/lib/src.zip!/jdk.jdwp.agent" type="simple" />
            <root url="jar://$USER_HOME$/.jdks/corretto-11.0.10/lib/src.zip!/jdk.localedata" type="simple" />
            <root url="jar://$USER_HOME$/.jdks/corretto-11.0.10/lib/src.zip!/jdk.management" type="simple" />
            <root url="jar://$USER_HOME$/.jdks/corretto-11.0.10/lib/src.zip!/jdk.naming.dns" type="simple" />
            <root url="jar://$USER_HOME$/.jdks/corretto-11.0.10/lib/src.zip!/jdk.naming.rmi" type="simple" />
            <root url="jar://$USER_HOME$/.jdks/corretto-11.0.10/lib/src.zip!/java.instrument" type="simple" />
            <root url="jar://$USER_HOME$/.jdks/corretto-11.0.10/lib/src.zip!/java.management" type="simple" />
            <root url="jar://$USER_HOME$/.jdks/corretto-11.0.10/lib/src.zip!/java.sql.rowset" type="simple" />
            <root url="jar://$USER_HOME$/.jdks/corretto-11.0.10/lib/src.zip!/java.xml.crypto" type="simple" />
            <root url="jar://$USER_HOME$/.jdks/corretto-11.0.10/lib/src.zip!/jdk.internal.ed" type="simple" />
            <root url="jar://$USER_HOME$/.jdks/corretto-11.0.10/lib/src.zip!/jdk.internal.le" type="simple" />
            <root url="jar://$USER_HOME$/.jdks/corretto-11.0.10/lib/src.zip!/jdk.naming.ldap" type="simple" />
            <root url="jar://$USER_HOME$/.jdks/corretto-11.0.10/lib/src.zip!/jdk.unsupported" type="simple" />
            <root url="jar://$USER_HOME$/.jdks/corretto-11.0.10/lib/src.zip!/java.smartcardio" type="simple" />
            <root url="jar://$USER_HOME$/.jdks/corretto-11.0.10/lib/src.zip!/jdk.internal.opt" type="simple" />
            <root url="jar://$USER_HOME$/.jdks/corretto-11.0.10/lib/src.zip!/java.datatransfer" type="simple" />
            <root url="jar://$USER_HOME$/.jdks/corretto-11.0.10/lib/src.zip!/jdk.accessibility" type="simple" />
            <root url="jar://$USER_HOME$/.jdks/corretto-11.0.10/lib/src.zip!/jdk.hotspot.agent" type="simple" />
            <root url="jar://$USER_HOME$/.jdks/corretto-11.0.10/lib/src.zip!/jdk.security.auth" type="simple" />
            <root url="jar://$USER_HOME$/.jdks/corretto-11.0.10/lib/src.zip!/jdk.security.jgss" type="simple" />
            <root url="jar://$USER_HOME$/.jdks/corretto-11.0.10/lib/src.zip!/java.security.jgss" type="simple" />
            <root url="jar://$USER_HOME$/.jdks/corretto-11.0.10/lib/src.zip!/java.security.sasl" type="simple" />
            <root url="jar://$USER_HOME$/.jdks/corretto-11.0.10/lib/src.zip!/jdk.internal.vm.ci" type="simple" />
            <root url="jar://$USER_HOME$/.jdks/corretto-11.0.10/lib/src.zip!/jdk.management.jfr" type="simple" />
            <root url="jar://$USER_HOME$/.jdks/corretto-11.0.10/lib/src.zip!/java.management.rmi" type="simple" />
            <root url="jar://$USER_HOME$/.jdks/corretto-11.0.10/lib/src.zip!/java.transaction.xa" type="simple" />
            <root url="jar://$USER_HOME$/.jdks/corretto-11.0.10/lib/src.zip!/jdk.crypto.cryptoki" type="simple" />
            <root url="jar://$USER_HOME$/.jdks/corretto-11.0.10/lib/src.zip!/jdk.internal.jvmstat" type="simple" />
            <root url="jar://$USER_HOME$/.jdks/corretto-11.0.10/lib/src.zip!/jdk.management.agent" type="simple" />
            <root url="jar://$USER_HOME$/.jdks/corretto-11.0.10/lib/src.zip!/jdk.scripting.nashorn" type="simple" />
            <root url="jar://$USER_HOME$/.jdks/corretto-11.0.10/lib/src.zip!/jdk.unsupported.desktop" type="simple" />
            <root url="jar://$USER_HOME$/.jdks/corretto-11.0.10/lib/src.zip!/jdk.internal.vm.compiler" type="simple" />
            <root url="jar://$USER_HOME$/.jdks/corretto-11.0.10/lib/src.zip!/jdk.scripting.nashorn.shell" type="simple" />
            <root url="jar://$USER_HOME$/.jdks/corretto-11.0.10/lib/src.zip!/jdk.internal.vm.compiler.management" type="simple" />
          </root>
        </sourcePath>
      </roots>
      <additional />
    </jdk>
    <jdk version="2">
      <name value="openjdk-15" />
      <type value="JavaSDK" />
      <version value="version 1.8.0_282" />
      <homePath value="$USER_HOME$/.jdks/adopt-openjdk-1.8.0_282" />
      <roots>
        <annotationsPath>
          <root type="composite">
            <root url="jar://$APPLICATION_HOME_DIR$/plugins/java/lib/jdkAnnotations.jar!/" type="simple" />
          </root>
        </annotationsPath>
        <classPath>
          <root type="composite">
            <root url="jar://$USER_HOME$/.jdks/adopt-openjdk-1.8.0_282/jre/lib/charsets.jar!/" type="simple" />
            <root url="jar://$USER_HOME$/.jdks/adopt-openjdk-1.8.0_282/jre/lib/ext/cldrdata.jar!/" type="simple" />
            <root url="jar://$USER_HOME$/.jdks/adopt-openjdk-1.8.0_282/jre/lib/ext/dnsns.jar!/" type="simple" />
            <root url="jar://$USER_HOME$/.jdks/adopt-openjdk-1.8.0_282/jre/lib/ext/jaccess.jar!/" type="simple" />
            <root url="jar://$USER_HOME$/.jdks/adopt-openjdk-1.8.0_282/jre/lib/ext/localedata.jar!/" type="simple" />
            <root url="jar://$USER_HOME$/.jdks/adopt-openjdk-1.8.0_282/jre/lib/ext/nashorn.jar!/" type="simple" />
            <root url="jar://$USER_HOME$/.jdks/adopt-openjdk-1.8.0_282/jre/lib/ext/sunec.jar!/" type="simple" />
            <root url="jar://$USER_HOME$/.jdks/adopt-openjdk-1.8.0_282/jre/lib/ext/sunjce_provider.jar!/" type="simple" />
            <root url="jar://$USER_HOME$/.jdks/adopt-openjdk-1.8.0_282/jre/lib/ext/sunpkcs11.jar!/" type="simple" />
            <root url="jar://$USER_HOME$/.jdks/adopt-openjdk-1.8.0_282/jre/lib/ext/zipfs.jar!/" type="simple" />
            <root url="jar://$USER_HOME$/.jdks/adopt-openjdk-1.8.0_282/jre/lib/jce.jar!/" type="simple" />
            <root url="jar://$USER_HOME$/.jdks/adopt-openjdk-1.8.0_282/jre/lib/jfr.jar!/" type="simple" />
            <root url="jar://$USER_HOME$/.jdks/adopt-openjdk-1.8.0_282/jre/lib/jsse.jar!/" type="simple" />
            <root url="jar://$USER_HOME$/.jdks/adopt-openjdk-1.8.0_282/jre/lib/management-agent.jar!/" type="simple" />
            <root url="jar://$USER_HOME$/.jdks/adopt-openjdk-1.8.0_282/jre/lib/resources.jar!/" type="simple" />
            <root url="jar://$USER_HOME$/.jdks/adopt-openjdk-1.8.0_282/jre/lib/rt.jar!/" type="simple" />
          </root>
        </classPath>
        <javadocPath>
          <root type="composite" />
        </javadocPath>
        <sourcePath>
          <root type="composite">
            <root url="jar://$USER_HOME$/.jdks/adopt-openjdk-1.8.0_282/src.zip!/" type="simple" />
          </root>
        </sourcePath>
      </roots>
      <additional />
    </jdk>
    <jdk version="2">
      <name value="adopt-openjdk-1.8" />
      <type value="JavaSDK" />
      <version value="version 1.8.0_282" />
      <homePath value="$USER_HOME$/.jdks/adopt-openjdk-1.8.0_282" />
      <roots>
        <annotationsPath>
          <root type="composite">
            <root url="jar://$APPLICATION_HOME_DIR$/plugins/java/lib/jdkAnnotations.jar!/" type="simple" />
          </root>
        </annotationsPath>
        <classPath>
          <root type="composite">
            <root url="jar://$USER_HOME$/.jdks/adopt-openjdk-1.8.0_282/jre/lib/charsets.jar!/" type="simple" />
            <root url="jar://$USER_HOME$/.jdks/adopt-openjdk-1.8.0_282/jre/lib/ext/cldrdata.jar!/" type="simple" />
            <root url="jar://$USER_HOME$/.jdks/adopt-openjdk-1.8.0_282/jre/lib/ext/dnsns.jar!/" type="simple" />
            <root url="jar://$USER_HOME$/.jdks/adopt-openjdk-1.8.0_282/jre/lib/ext/jaccess.jar!/" type="simple" />
            <root url="jar://$USER_HOME$/.jdks/adopt-openjdk-1.8.0_282/jre/lib/ext/localedata.jar!/" type="simple" />
            <root url="jar://$USER_HOME$/.jdks/adopt-openjdk-1.8.0_282/jre/lib/ext/nashorn.jar!/" type="simple" />
            <root url="jar://$USER_HOME$/.jdks/adopt-openjdk-1.8.0_282/jre/lib/ext/sunec.jar!/" type="simple" />
            <root url="jar://$USER_HOME$/.jdks/adopt-openjdk-1.8.0_282/jre/lib/ext/sunjce_provider.jar!/" type="simple" />
            <root url="jar://$USER_HOME$/.jdks/adopt-openjdk-1.8.0_282/jre/lib/ext/sunpkcs11.jar!/" type="simple" />
            <root url="jar://$USER_HOME$/.jdks/adopt-openjdk-1.8.0_282/jre/lib/ext/zipfs.jar!/" type="simple" />
            <root url="jar://$USER_HOME$/.jdks/adopt-openjdk-1.8.0_282/jre/lib/jce.jar!/" type="simple" />
            <root url="jar://$USER_HOME$/.jdks/adopt-openjdk-1.8.0_282/jre/lib/jfr.jar!/" type="simple" />
            <root url="jar://$USER_HOME$/.jdks/adopt-openjdk-1.8.0_282/jre/lib/jsse.jar!/" type="simple" />
            <root url="jar://$USER_HOME$/.jdks/adopt-openjdk-1.8.0_282/jre/lib/management-agent.jar!/" type="simple" />
            <root url="jar://$USER_HOME$/.jdks/adopt-openjdk-1.8.0_282/jre/lib/resources.jar!/" type="simple" />
            <root url="jar://$USER_HOME$/.jdks/adopt-openjdk-1.8.0_282/jre/lib/rt.jar!/" type="simple" />
          </root>
        </classPath>
        <javadocPath>
          <root type="composite" />
        </javadocPath>
        <sourcePath>
          <root type="composite">
            <root url="jar://$USER_HOME$/.jdks/adopt-openjdk-1.8.0_282/src.zip!/" type="simple" />
          </root>
        </sourcePath>
      </roots>
      <additional />
    </jdk>
    <jdk version="2">
      <name value="openjdk-16" />
      <type value="JavaSDK" />
      <version value="java version &quot;16.0.1&quot;" />
      <homePath value="$USER_HOME$/.jdks/openjdk-16.0.1" />
      <roots>
        <annotationsPath>
          <root type="composite">
            <root url="jar://$APPLICATION_HOME_DIR$/plugins/java/lib/jdkAnnotations.jar!/" type="simple" />
          </root>
        </annotationsPath>
        <classPath>
          <root type="composite">
            <root url="jrt:///home/tassilo/.jdks/openjdk-16.0.1!/java.base" type="simple" />
            <root url="jrt:///home/tassilo/.jdks/openjdk-16.0.1!/java.compiler" type="simple" />
            <root url="jrt:///home/tassilo/.jdks/openjdk-16.0.1!/java.datatransfer" type="simple" />
            <root url="jrt:///home/tassilo/.jdks/openjdk-16.0.1!/java.desktop" type="simple" />
            <root url="jrt:///home/tassilo/.jdks/openjdk-16.0.1!/java.instrument" type="simple" />
            <root url="jrt:///home/tassilo/.jdks/openjdk-16.0.1!/java.logging" type="simple" />
            <root url="jrt:///home/tassilo/.jdks/openjdk-16.0.1!/java.management" type="simple" />
            <root url="jrt:///home/tassilo/.jdks/openjdk-16.0.1!/java.management.rmi" type="simple" />
            <root url="jrt:///home/tassilo/.jdks/openjdk-16.0.1!/java.naming" type="simple" />
            <root url="jrt:///home/tassilo/.jdks/openjdk-16.0.1!/java.net.http" type="simple" />
            <root url="jrt:///home/tassilo/.jdks/openjdk-16.0.1!/java.prefs" type="simple" />
            <root url="jrt:///home/tassilo/.jdks/openjdk-16.0.1!/java.rmi" type="simple" />
            <root url="jrt:///home/tassilo/.jdks/openjdk-16.0.1!/java.scripting" type="simple" />
            <root url="jrt:///home/tassilo/.jdks/openjdk-16.0.1!/java.se" type="simple" />
            <root url="jrt:///home/tassilo/.jdks/openjdk-16.0.1!/java.security.jgss" type="simple" />
            <root url="jrt:///home/tassilo/.jdks/openjdk-16.0.1!/java.security.sasl" type="simple" />
            <root url="jrt:///home/tassilo/.jdks/openjdk-16.0.1!/java.smartcardio" type="simple" />
            <root url="jrt:///home/tassilo/.jdks/openjdk-16.0.1!/java.sql" type="simple" />
            <root url="jrt:///home/tassilo/.jdks/openjdk-16.0.1!/java.sql.rowset" type="simple" />
            <root url="jrt:///home/tassilo/.jdks/openjdk-16.0.1!/java.transaction.xa" type="simple" />
            <root url="jrt:///home/tassilo/.jdks/openjdk-16.0.1!/java.xml" type="simple" />
            <root url="jrt:///home/tassilo/.jdks/openjdk-16.0.1!/java.xml.crypto" type="simple" />
            <root url="jrt:///home/tassilo/.jdks/openjdk-16.0.1!/jdk.accessibility" type="simple" />
            <root url="jrt:///home/tassilo/.jdks/openjdk-16.0.1!/jdk.attach" type="simple" />
            <root url="jrt:///home/tassilo/.jdks/openjdk-16.0.1!/jdk.charsets" type="simple" />
            <root url="jrt:///home/tassilo/.jdks/openjdk-16.0.1!/jdk.compiler" type="simple" />
            <root url="jrt:///home/tassilo/.jdks/openjdk-16.0.1!/jdk.crypto.cryptoki" type="simple" />
            <root url="jrt:///home/tassilo/.jdks/openjdk-16.0.1!/jdk.crypto.ec" type="simple" />
            <root url="jrt:///home/tassilo/.jdks/openjdk-16.0.1!/jdk.dynalink" type="simple" />
            <root url="jrt:///home/tassilo/.jdks/openjdk-16.0.1!/jdk.editpad" type="simple" />
            <root url="jrt:///home/tassilo/.jdks/openjdk-16.0.1!/jdk.hotspot.agent" type="simple" />
            <root url="jrt:///home/tassilo/.jdks/openjdk-16.0.1!/jdk.httpserver" type="simple" />
            <root url="jrt:///home/tassilo/.jdks/openjdk-16.0.1!/jdk.incubator.foreign" type="simple" />
            <root url="jrt:///home/tassilo/.jdks/openjdk-16.0.1!/jdk.incubator.vector" type="simple" />
            <root url="jrt:///home/tassilo/.jdks/openjdk-16.0.1!/jdk.internal.ed" type="simple" />
            <root url="jrt:///home/tassilo/.jdks/openjdk-16.0.1!/jdk.internal.jvmstat" type="simple" />
            <root url="jrt:///home/tassilo/.jdks/openjdk-16.0.1!/jdk.internal.le" type="simple" />
            <root url="jrt:///home/tassilo/.jdks/openjdk-16.0.1!/jdk.internal.opt" type="simple" />
            <root url="jrt:///home/tassilo/.jdks/openjdk-16.0.1!/jdk.internal.vm.ci" type="simple" />
            <root url="jrt:///home/tassilo/.jdks/openjdk-16.0.1!/jdk.jartool" type="simple" />
            <root url="jrt:///home/tassilo/.jdks/openjdk-16.0.1!/jdk.javadoc" type="simple" />
            <root url="jrt:///home/tassilo/.jdks/openjdk-16.0.1!/jdk.jcmd" type="simple" />
            <root url="jrt:///home/tassilo/.jdks/openjdk-16.0.1!/jdk.jconsole" type="simple" />
            <root url="jrt:///home/tassilo/.jdks/openjdk-16.0.1!/jdk.jdeps" type="simple" />
            <root url="jrt:///home/tassilo/.jdks/openjdk-16.0.1!/jdk.jdi" type="simple" />
            <root url="jrt:///home/tassilo/.jdks/openjdk-16.0.1!/jdk.jdwp.agent" type="simple" />
            <root url="jrt:///home/tassilo/.jdks/openjdk-16.0.1!/jdk.jfr" type="simple" />
            <root url="jrt:///home/tassilo/.jdks/openjdk-16.0.1!/jdk.jlink" type="simple" />
            <root url="jrt:///home/tassilo/.jdks/openjdk-16.0.1!/jdk.jpackage" type="simple" />
            <root url="jrt:///home/tassilo/.jdks/openjdk-16.0.1!/jdk.jshell" type="simple" />
            <root url="jrt:///home/tassilo/.jdks/openjdk-16.0.1!/jdk.jsobject" type="simple" />
            <root url="jrt:///home/tassilo/.jdks/openjdk-16.0.1!/jdk.jstatd" type="simple" />
            <root url="jrt:///home/tassilo/.jdks/openjdk-16.0.1!/jdk.localedata" type="simple" />
            <root url="jrt:///home/tassilo/.jdks/openjdk-16.0.1!/jdk.management" type="simple" />
            <root url="jrt:///home/tassilo/.jdks/openjdk-16.0.1!/jdk.management.agent" type="simple" />
            <root url="jrt:///home/tassilo/.jdks/openjdk-16.0.1!/jdk.management.jfr" type="simple" />
            <root url="jrt:///home/tassilo/.jdks/openjdk-16.0.1!/jdk.naming.dns" type="simple" />
            <root url="jrt:///home/tassilo/.jdks/openjdk-16.0.1!/jdk.naming.rmi" type="simple" />
            <root url="jrt:///home/tassilo/.jdks/openjdk-16.0.1!/jdk.net" type="simple" />
            <root url="jrt:///home/tassilo/.jdks/openjdk-16.0.1!/jdk.nio.mapmode" type="simple" />
            <root url="jrt:///home/tassilo/.jdks/openjdk-16.0.1!/jdk.sctp" type="simple" />
            <root url="jrt:///home/tassilo/.jdks/openjdk-16.0.1!/jdk.security.auth" type="simple" />
            <root url="jrt:///home/tassilo/.jdks/openjdk-16.0.1!/jdk.security.jgss" type="simple" />
            <root url="jrt:///home/tassilo/.jdks/openjdk-16.0.1!/jdk.unsupported" type="simple" />
            <root url="jrt:///home/tassilo/.jdks/openjdk-16.0.1!/jdk.unsupported.desktop" type="simple" />
            <root url="jrt:///home/tassilo/.jdks/openjdk-16.0.1!/jdk.xml.dom" type="simple" />
            <root url="jrt:///home/tassilo/.jdks/openjdk-16.0.1!/jdk.zipfs" type="simple" />
          </root>
        </classPath>
        <javadocPath>
          <root type="composite" />
        </javadocPath>
        <sourcePath>
          <root type="composite">
            <root url="jar://$USER_HOME$/.jdks/openjdk-16.0.1/lib/src.zip!/java.se" type="simple" />
            <root url="jar://$USER_HOME$/.jdks/openjdk-16.0.1/lib/src.zip!/jdk.jdi" type="simple" />
            <root url="jar://$USER_HOME$/.jdks/openjdk-16.0.1/lib/src.zip!/jdk.jfr" type="simple" />
            <root url="jar://$USER_HOME$/.jdks/openjdk-16.0.1/lib/src.zip!/jdk.net" type="simple" />
            <root url="jar://$USER_HOME$/.jdks/openjdk-16.0.1/lib/src.zip!/java.rmi" type="simple" />
            <root url="jar://$USER_HOME$/.jdks/openjdk-16.0.1/lib/src.zip!/java.sql" type="simple" />
            <root url="jar://$USER_HOME$/.jdks/openjdk-16.0.1/lib/src.zip!/java.xml" type="simple" />
            <root url="jar://$USER_HOME$/.jdks/openjdk-16.0.1/lib/src.zip!/jdk.jcmd" type="simple" />
            <root url="jar://$USER_HOME$/.jdks/openjdk-16.0.1/lib/src.zip!/jdk.sctp" type="simple" />
            <root url="jar://$USER_HOME$/.jdks/openjdk-16.0.1/lib/src.zip!/java.base" type="simple" />
            <root url="jar://$USER_HOME$/.jdks/openjdk-16.0.1/lib/src.zip!/jdk.jdeps" type="simple" />
            <root url="jar://$USER_HOME$/.jdks/openjdk-16.0.1/lib/src.zip!/jdk.jlink" type="simple" />
            <root url="jar://$USER_HOME$/.jdks/openjdk-16.0.1/lib/src.zip!/jdk.zipfs" type="simple" />
            <root url="jar://$USER_HOME$/.jdks/openjdk-16.0.1/lib/src.zip!/java.prefs" type="simple" />
            <root url="jar://$USER_HOME$/.jdks/openjdk-16.0.1/lib/src.zip!/jdk.attach" type="simple" />
            <root url="jar://$USER_HOME$/.jdks/openjdk-16.0.1/lib/src.zip!/jdk.jshell" type="simple" />
            <root url="jar://$USER_HOME$/.jdks/openjdk-16.0.1/lib/src.zip!/jdk.jstatd" type="simple" />
            <root url="jar://$USER_HOME$/.jdks/openjdk-16.0.1/lib/src.zip!/java.naming" type="simple" />
            <root url="jar://$USER_HOME$/.jdks/openjdk-16.0.1/lib/src.zip!/jdk.editpad" type="simple" />
            <root url="jar://$USER_HOME$/.jdks/openjdk-16.0.1/lib/src.zip!/jdk.jartool" type="simple" />
            <root url="jar://$USER_HOME$/.jdks/openjdk-16.0.1/lib/src.zip!/jdk.javadoc" type="simple" />
            <root url="jar://$USER_HOME$/.jdks/openjdk-16.0.1/lib/src.zip!/jdk.xml.dom" type="simple" />
            <root url="jar://$USER_HOME$/.jdks/openjdk-16.0.1/lib/src.zip!/java.desktop" type="simple" />
            <root url="jar://$USER_HOME$/.jdks/openjdk-16.0.1/lib/src.zip!/java.logging" type="simple" />
            <root url="jar://$USER_HOME$/.jdks/openjdk-16.0.1/lib/src.zip!/jdk.charsets" type="simple" />
            <root url="jar://$USER_HOME$/.jdks/openjdk-16.0.1/lib/src.zip!/jdk.compiler" type="simple" />
            <root url="jar://$USER_HOME$/.jdks/openjdk-16.0.1/lib/src.zip!/jdk.dynalink" type="simple" />
            <root url="jar://$USER_HOME$/.jdks/openjdk-16.0.1/lib/src.zip!/jdk.jconsole" type="simple" />
            <root url="jar://$USER_HOME$/.jdks/openjdk-16.0.1/lib/src.zip!/jdk.jpackage" type="simple" />
            <root url="jar://$USER_HOME$/.jdks/openjdk-16.0.1/lib/src.zip!/jdk.jsobject" type="simple" />
            <root url="jar://$USER_HOME$/.jdks/openjdk-16.0.1/lib/src.zip!/java.compiler" type="simple" />
            <root url="jar://$USER_HOME$/.jdks/openjdk-16.0.1/lib/src.zip!/java.net.http" type="simple" />
            <root url="jar://$USER_HOME$/.jdks/openjdk-16.0.1/lib/src.zip!/jdk.crypto.ec" type="simple" />
            <root url="jar://$USER_HOME$/.jdks/openjdk-16.0.1/lib/src.zip!/java.scripting" type="simple" />
            <root url="jar://$USER_HOME$/.jdks/openjdk-16.0.1/lib/src.zip!/jdk.httpserver" type="simple" />
            <root url="jar://$USER_HOME$/.jdks/openjdk-16.0.1/lib/src.zip!/jdk.jdwp.agent" type="simple" />
            <root url="jar://$USER_HOME$/.jdks/openjdk-16.0.1/lib/src.zip!/jdk.localedata" type="simple" />
            <root url="jar://$USER_HOME$/.jdks/openjdk-16.0.1/lib/src.zip!/jdk.management" type="simple" />
            <root url="jar://$USER_HOME$/.jdks/openjdk-16.0.1/lib/src.zip!/jdk.naming.dns" type="simple" />
            <root url="jar://$USER_HOME$/.jdks/openjdk-16.0.1/lib/src.zip!/jdk.naming.rmi" type="simple" />
            <root url="jar://$USER_HOME$/.jdks/openjdk-16.0.1/lib/src.zip!/java.instrument" type="simple" />
            <root url="jar://$USER_HOME$/.jdks/openjdk-16.0.1/lib/src.zip!/java.management" type="simple" />
            <root url="jar://$USER_HOME$/.jdks/openjdk-16.0.1/lib/src.zip!/java.sql.rowset" type="simple" />
            <root url="jar://$USER_HOME$/.jdks/openjdk-16.0.1/lib/src.zip!/java.xml.crypto" type="simple" />
            <root url="jar://$USER_HOME$/.jdks/openjdk-16.0.1/lib/src.zip!/jdk.internal.ed" type="simple" />
            <root url="jar://$USER_HOME$/.jdks/openjdk-16.0.1/lib/src.zip!/jdk.internal.le" type="simple" />
            <root url="jar://$USER_HOME$/.jdks/openjdk-16.0.1/lib/src.zip!/jdk.nio.mapmode" type="simple" />
            <root url="jar://$USER_HOME$/.jdks/openjdk-16.0.1/lib/src.zip!/jdk.unsupported" type="simple" />
            <root url="jar://$USER_HOME$/.jdks/openjdk-16.0.1/lib/src.zip!/java.smartcardio" type="simple" />
            <root url="jar://$USER_HOME$/.jdks/openjdk-16.0.1/lib/src.zip!/jdk.internal.opt" type="simple" />
            <root url="jar://$USER_HOME$/.jdks/openjdk-16.0.1/lib/src.zip!/java.datatransfer" type="simple" />
            <root url="jar://$USER_HOME$/.jdks/openjdk-16.0.1/lib/src.zip!/jdk.accessibility" type="simple" />
            <root url="jar://$USER_HOME$/.jdks/openjdk-16.0.1/lib/src.zip!/jdk.hotspot.agent" type="simple" />
            <root url="jar://$USER_HOME$/.jdks/openjdk-16.0.1/lib/src.zip!/jdk.security.auth" type="simple" />
            <root url="jar://$USER_HOME$/.jdks/openjdk-16.0.1/lib/src.zip!/jdk.security.jgss" type="simple" />
            <root url="jar://$USER_HOME$/.jdks/openjdk-16.0.1/lib/src.zip!/java.security.jgss" type="simple" />
            <root url="jar://$USER_HOME$/.jdks/openjdk-16.0.1/lib/src.zip!/java.security.sasl" type="simple" />
            <root url="jar://$USER_HOME$/.jdks/openjdk-16.0.1/lib/src.zip!/jdk.internal.vm.ci" type="simple" />
            <root url="jar://$USER_HOME$/.jdks/openjdk-16.0.1/lib/src.zip!/jdk.management.jfr" type="simple" />
            <root url="jar://$USER_HOME$/.jdks/openjdk-16.0.1/lib/src.zip!/java.management.rmi" type="simple" />
            <root url="jar://$USER_HOME$/.jdks/openjdk-16.0.1/lib/src.zip!/java.transaction.xa" type="simple" />
            <root url="jar://$USER_HOME$/.jdks/openjdk-16.0.1/lib/src.zip!/jdk.crypto.cryptoki" type="simple" />
            <root url="jar://$USER_HOME$/.jdks/openjdk-16.0.1/lib/src.zip!/jdk.incubator.vector" type="simple" />
            <root url="jar://$USER_HOME$/.jdks/openjdk-16.0.1/lib/src.zip!/jdk.internal.jvmstat" type="simple" />
            <root url="jar://$USER_HOME$/.jdks/openjdk-16.0.1/lib/src.zip!/jdk.management.agent" type="simple" />
            <root url="jar://$USER_HOME$/.jdks/openjdk-16.0.1/lib/src.zip!/jdk.incubator.foreign" type="simple" />
            <root url="jar://$USER_HOME$/.jdks/openjdk-16.0.1/lib/src.zip!/jdk.unsupported.desktop" type="simple" />
          </root>
        </sourcePath>
      </roots>
      <additional />
    </jdk>
    <jdk version="2">
      <name value="1.8" />
      <type value="JavaSDK" />
      <version value="version 1.8.0_282" />
      <homePath value="/usr/lib/jvm/java-1.8.0-openjdk-amd64" />
      <roots>
        <annotationsPath>
          <root type="composite">
            <root url="jar://$APPLICATION_HOME_DIR$/plugins/java/lib/jdkAnnotations.jar!/" type="simple" />
          </root>
        </annotationsPath>
        <classPath>
          <root type="composite">
            <root url="jar:///usr/lib/jvm/java-1.8.0-openjdk-amd64/jre/lib/charsets.jar!/" type="simple" />
            <root url="jar:///usr/lib/jvm/java-1.8.0-openjdk-amd64/jre/lib/ext/cldrdata.jar!/" type="simple" />
            <root url="jar:///usr/lib/jvm/java-1.8.0-openjdk-amd64/jre/lib/ext/dnsns.jar!/" type="simple" />
            <root url="jar:///usr/lib/jvm/java-1.8.0-openjdk-amd64/jre/lib/ext/icedtea-sound.jar!/" type="simple" />
            <root url="jar:///usr/lib/jvm/java-1.8.0-openjdk-amd64/jre/lib/ext/jaccess.jar!/" type="simple" />
            <root url="jar:///usr/lib/jvm/java-1.8.0-openjdk-amd64/jre/lib/ext/localedata.jar!/" type="simple" />
            <root url="jar:///usr/lib/jvm/java-1.8.0-openjdk-amd64/jre/lib/ext/nashorn.jar!/" type="simple" />
            <root url="jar:///usr/lib/jvm/java-1.8.0-openjdk-amd64/jre/lib/ext/sunec.jar!/" type="simple" />
            <root url="jar:///usr/lib/jvm/java-1.8.0-openjdk-amd64/jre/lib/ext/sunjce_provider.jar!/" type="simple" />
            <root url="jar:///usr/lib/jvm/java-1.8.0-openjdk-amd64/jre/lib/ext/sunpkcs11.jar!/" type="simple" />
            <root url="jar:///usr/lib/jvm/java-1.8.0-openjdk-amd64/jre/lib/ext/zipfs.jar!/" type="simple" />
            <root url="jar:///usr/lib/jvm/java-1.8.0-openjdk-amd64/jre/lib/jce.jar!/" type="simple" />
            <root url="jar:///usr/lib/jvm/java-1.8.0-openjdk-amd64/jre/lib/jfr.jar!/" type="simple" />
            <root url="jar:///usr/lib/jvm/java-1.8.0-openjdk-amd64/jre/lib/jsse.jar!/" type="simple" />
            <root url="jar:///usr/lib/jvm/java-1.8.0-openjdk-amd64/jre/lib/management-agent.jar!/" type="simple" />
            <root url="jar:///usr/lib/jvm/java-1.8.0-openjdk-amd64/jre/lib/resources.jar!/" type="simple" />
            <root url="jar:///usr/lib/jvm/java-1.8.0-openjdk-amd64/jre/lib/rt.jar!/" type="simple" />
          </root>
        </classPath>
        <javadocPath>
          <root type="composite">
            <root url="https://docs.oracle.com/javase/8/docs/api/" type="simple" />
          </root>
        </javadocPath>
        <sourcePath>
          <root type="composite" />
        </sourcePath>
      </roots>
      <additional />
    </jdk>
  </component>
</application>